org,proyecto,usuario,avatar_url,pr_number,pr_title,merged_at,merged_date,url
hyperliquid-dex,hyperliquid-python-sdk,hl-core-dev,https://avatars.githubusercontent.com/u/225128674?v=4,299,Support multisig userSetAbstraction,2026-06-04T19:46:56Z,2026-06-04,https://github.com/hyperliquid-dex/hyperliquid-python-sdk/pull/299
hyperliquid-dex,node,Frixoe,https://avatars.githubusercontent.com/u/21309909?v=4,146,Update sentry IP for Luganodes,2026-05-20T13:36:57Z,2026-05-20,https://github.com/hyperliquid-dex/node/pull/146
hyperliquid-dex,node,IbrarMakaveli,https://avatars.githubusercontent.com/u/26463669?v=4,145,Update IP node Germany for Imperator.co,2026-05-20T13:34:34Z,2026-05-20,https://github.com/hyperliquid-dex/node/pull/145
hyperliquid-dex,hyperliquid-python-sdk,traderben,https://avatars.githubusercontent.com/u/95141121?v=4,289,Version 0.23.0,2026-04-14T21:50:42Z,2026-04-14,https://github.com/hyperliquid-dex/hyperliquid-python-sdk/pull/289
hyperliquid-dex,hyperliquid-python-sdk,lmlmt,https://avatars.githubusercontent.com/u/112962729?v=4,284,Add convert multi-sig to normal user example,2026-04-01T03:04:57Z,2026-04-01,https://github.com/hyperliquid-dex/hyperliquid-python-sdk/pull/284
hyperliquid-dex,node,raghu-Luganodes,https://avatars.githubusercontent.com/u/253939489?v=4,142,Update Luganodes root peer IP,2026-03-27T15:17:22Z,2026-03-27,https://github.com/hyperliquid-dex/node/pull/142
hyperliquid-dex,node,janklimo,https://avatars.githubusercontent.com/u/7811733?v=4,137,Update Purrposeful root peer IP,2026-03-11T11:09:25Z,2026-03-11,https://github.com/hyperliquid-dex/node/pull/137
hyperliquid-dex,node,curlycrypto184,https://avatars.githubusercontent.com/u/57609195?v=4,139,Update Nansen X HypurrCollective Seed nodes IP addresses,2026-03-11T11:07:56Z,2026-03-11,https://github.com/hyperliquid-dex/node/pull/139
hyperliquid-dex,hyperliquid-python-sdk,traderben,https://avatars.githubusercontent.com/u/95141121?v=4,260,Version 0.22.0,2026-02-04T19:05:59Z,2026-02-04,https://github.com/hyperliquid-dex/hyperliquid-python-sdk/pull/260
hyperliquid-dex,node,0x0Glitch,https://avatars.githubusercontent.com/u/185660885?v=4,129,Update README.md,2026-01-19T14:34:24Z,2026-01-19,https://github.com/hyperliquid-dex/node/pull/129
hyperliquid-dex,node,Syavel,https://avatars.githubusercontent.com/u/32241006?v=4,135,Update Hypurrscan IP address in README,2026-01-19T14:34:03Z,2026-01-19,https://github.com/hyperliquid-dex/node/pull/135
hyperliquid-dex,hyperliquid-python-sdk,traderben,https://avatars.githubusercontent.com/u/95141121?v=4,230,Version 0.21.0,2025-11-18T23:44:37Z,2025-11-18,https://github.com/hyperliquid-dex/hyperliquid-python-sdk/pull/230
hyperliquid-dex,hyperliquid-python-sdk,traderben,https://avatars.githubusercontent.com/u/95141121?v=4,225,Fix market orders for HIP-3 DEXs,2025-11-04T04:34:03Z,2025-11-04,https://github.com/hyperliquid-dex/hyperliquid-python-sdk/pull/225
hyperliquid-dex,node,IbrarMakaveli,https://avatars.githubusercontent.com/u/26463669?v=4,125,Set back original JP node,2025-10-30T03:02:19Z,2025-10-30,https://github.com/hyperliquid-dex/node/pull/125
hyperliquid-dex,hyperliquid-rust-sdk,kfastov,https://avatars.githubusercontent.com/u/1312744?v=4,133,Fix: accept null premium/impact_pxs in AssetContext,2025-10-21T00:05:17Z,2025-10-21,https://github.com/hyperliquid-dex/hyperliquid-rust-sdk/pull/133
hyperliquid-dex,hyperliquid-rust-sdk,kfastov,https://avatars.githubusercontent.com/u/1312744?v=4,141,chore(ci): align toolchain to stable (fix cargo-fmt in CI),2025-10-20T23:27:46Z,2025-10-20,https://github.com/hyperliquid-dex/hyperliquid-rust-sdk/pull/141
hyperliquid-dex,hyperliquid-rust-sdk,silva-fj,https://avatars.githubusercontent.com/u/8374946?v=4,147,Make Eip712 trait public,2025-10-20T23:04:16Z,2025-10-20,https://github.com/hyperliquid-dex/hyperliquid-rust-sdk/pull/147
hyperliquid-dex,hyperliquid-rust-sdk,BillyWooo,https://avatars.githubusercontent.com/u/14319174?v=4,155,Add SendAsset action with EIP-712 signing,2025-10-20T21:03:19Z,2025-10-20,https://github.com/hyperliquid-dex/hyperliquid-rust-sdk/pull/155
hyperliquid-dex,node,dev-minsu,https://avatars.githubusercontent.com/u/5452940?v=4,124,fix: revert to original fullnode ip,2025-10-18T04:28:54Z,2025-10-18,https://github.com/hyperliquid-dex/node/pull/124
hyperliquid-dex,hyperliquid-python-sdk,traderben,https://avatars.githubusercontent.com/u/95141121?v=4,219,Version 0.20.0,2025-10-17T20:45:45Z,2025-10-17,https://github.com/hyperliquid-dex/hyperliquid-python-sdk/pull/219
hyperliquid-dex,node,IbrarMakaveli,https://avatars.githubusercontent.com/u/26463669?v=4,123,Replace Imperator JP fullnode temporary,2025-10-16T04:42:46Z,2025-10-16,https://github.com/hyperliquid-dex/node/pull/123
hyperliquid-dex,node,dev-minsu,https://avatars.githubusercontent.com/u/5452940?v=4,122,Replace JP region fullnode IP,2025-10-15T04:55:16Z,2025-10-15,https://github.com/hyperliquid-dex/node/pull/122
hyperliquid-dex,node,DaveBelv,https://avatars.githubusercontent.com/u/194892535?v=4,120,Update Kinetiq x Hyperion seed node,2025-09-25T14:37:39Z,2025-09-25,https://github.com/hyperliquid-dex/node/pull/120
hyperliquid-dex,node,Enigma-Validator,https://avatars.githubusercontent.com/u/91531677?v=4,119,Update README.md: Update Enigma's seed,2025-09-19T14:50:41Z,2025-09-19,https://github.com/hyperliquid-dex/node/pull/119
hyperliquid-dex,hyperliquid-python-sdk,traderben,https://avatars.githubusercontent.com/u/95141121?v=4,207,Version 0.19.0,2025-09-11T02:00:39Z,2025-09-11,https://github.com/hyperliquid-dex/hyperliquid-python-sdk/pull/207
hyperliquid-dex,order_book_server,ifdario,https://avatars.githubusercontent.com/u/188508980?v=4,4,use yawc as default WebSocket crate supporting compression,2025-09-08T11:31:19Z,2025-09-08,https://github.com/hyperliquid-dex/order_book_server/pull/4
hyperliquid-dex,node,janklimo,https://avatars.githubusercontent.com/u/7811733?v=4,114,Update Purrposeful root peers,2025-09-07T14:11:38Z,2025-09-07,https://github.com/hyperliquid-dex/node/pull/114
hyperliquid-dex,node,DaveBelv,https://avatars.githubusercontent.com/u/194892535?v=4,113,Add in Kinetiq x Hyperion seed nodes,2025-09-05T09:48:57Z,2025-09-05,https://github.com/hyperliquid-dex/node/pull/113
hyperliquid-dex,hyperliquid-python-sdk,hubertkirch,https://avatars.githubusercontent.com/u/45009631?v=4,206,feat(info): add extra agents info method,2025-09-04T18:07:31Z,2025-09-04,https://github.com/hyperliquid-dex/hyperliquid-python-sdk/pull/206
hyperliquid-dex,node,murakamikaze,https://avatars.githubusercontent.com/u/157380038?v=4,104,Migrating ValiDAO root peer Germany -> Japan,2025-09-04T13:40:57Z,2025-09-04,https://github.com/hyperliquid-dex/node/pull/104
hyperliquid-dex,node,curlycrypto184,https://avatars.githubusercontent.com/u/57609195?v=4,98,Update Nansen x HypurrCollective Seed nodes IP addresses,2025-09-04T13:39:40Z,2025-09-04,https://github.com/hyperliquid-dex/node/pull/98
hyperliquid-dex,hyperliquid-python-sdk,smypmsa,https://avatars.githubusercontent.com/u/43762166?v=4,203,feat(info): add 9 missing Info API methods,2025-08-31T18:24:27Z,2025-08-31,https://github.com/hyperliquid-dex/hyperliquid-python-sdk/pull/203
hyperliquid-dex,hyperliquid-rust-sdk,kfastov,https://avatars.githubusercontent.com/u/1312744?v=4,134,"Add tid, fee_token, and optional twap_id to UserFillsResponse struct",2025-08-27T17:48:20Z,2025-08-27,https://github.com/hyperliquid-dex/hyperliquid-rust-sdk/pull/134
hyperliquid-dex,hyperliquid-rust-sdk,silva-fj,https://avatars.githubusercontent.com/u/8374946?v=4,138,Add claim rewards action support,2025-08-27T17:47:05Z,2025-08-27,https://github.com/hyperliquid-dex/hyperliquid-rust-sdk/pull/138
hyperliquid-dex,hyperliquid-rust-sdk,kfastov,https://avatars.githubusercontent.com/u/1312744?v=4,137,Add active asset data to POST methods,2025-08-27T01:43:55Z,2025-08-27,https://github.com/hyperliquid-dex/hyperliquid-rust-sdk/pull/137
hyperliquid-dex,hyperliquid-python-sdk,smypmsa,https://avatars.githubusercontent.com/u/43762166?v=4,200,Add spotDeployState to Info class,2025-08-25T18:06:29Z,2025-08-25,https://github.com/hyperliquid-dex/hyperliquid-python-sdk/pull/200
hyperliquid-dex,node,dev-minsu,https://avatars.githubusercontent.com/u/5452940?v=4,107,Update HypurrCorea: SKYGG x DeSpread Seed nodes IP addresses,2025-08-23T15:35:28Z,2025-08-23,https://github.com/hyperliquid-dex/node/pull/107
hyperliquid-dex,hyperliquid-python-sdk,olzhang,https://avatars.githubusercontent.com/u/4936188?v=4,197,added aggregateByTime param into the user_fills_by_time method,2025-08-15T19:15:01Z,2025-08-15,https://github.com/hyperliquid-dex/hyperliquid-python-sdk/pull/197
hyperliquid-dex,hyperliquid-python-sdk,traderben,https://avatars.githubusercontent.com/u/95141121?v=4,193,Version 0.18.0,2025-08-12T18:41:51Z,2025-08-12,https://github.com/hyperliquid-dex/hyperliquid-python-sdk/pull/193
hyperliquid-dex,node,LiquidSpirit,https://avatars.githubusercontent.com/u/19887604?v=4,103,Update LiquidSpirit x Rekt Gang Non-Validator Seed IP Addresses,2025-08-11T14:01:25Z,2025-08-11,https://github.com/hyperliquid-dex/node/pull/103
hyperliquid-dex,hyperliquid-python-sdk,hail100,https://avatars.githubusercontent.com/u/7278395?v=4,183,feat: Api support timeout setting,2025-08-06T17:27:35Z,2025-08-06,https://github.com/hyperliquid-dex/hyperliquid-python-sdk/pull/183
hyperliquid-dex,hyperliquid-python-sdk,traderben,https://avatars.githubusercontent.com/u/95141121?v=4,189,Remove deprecated example,2025-08-05T20:22:04Z,2025-08-05,https://github.com/hyperliquid-dex/hyperliquid-python-sdk/pull/189
hyperliquid-dex,hyperliquid-python-sdk,CantaloupeBob,https://avatars.githubusercontent.com/u/86491214?v=4,186,feat(examples): option to derive account from an encrypted keystore,2025-08-05T19:40:14Z,2025-08-05,https://github.com/hyperliquid-dex/hyperliquid-python-sdk/pull/186
hyperliquid-dex,hyperliquid-python-sdk,traderben,https://avatars.githubusercontent.com/u/95141121?v=4,188,Version 0.17.0,2025-08-05T19:30:34Z,2025-08-05,https://github.com/hyperliquid-dex/hyperliquid-python-sdk/pull/188
hyperliquid-dex,node,janklimo,https://avatars.githubusercontent.com/u/7811733?v=4,97,Add Purrposeful x HyBridge x PiP seed peers,2025-08-04T01:41:23Z,2025-08-04,https://github.com/hyperliquid-dex/node/pull/97
hyperliquid-dex,node,ygarg25,https://avatars.githubusercontent.com/u/20680996?v=4,96,fix: ASXN migrated mainnet seeds,2025-08-02T09:36:30Z,2025-08-02,https://github.com/hyperliquid-dex/node/pull/96
hyperliquid-dex,node,imperator-co,https://avatars.githubusercontent.com/u/81272306?v=4,95,Update recommended machine specs for validator and non-validator nodes,2025-07-30T14:53:10Z,2025-07-30,https://github.com/hyperliquid-dex/node/pull/95
hyperliquid-dex,hyperliquid-rust-sdk,iFeyz,https://avatars.githubusercontent.com/u/62035583?v=4,126,Fix BasicOrderInfo ,2025-07-30T00:54:02Z,2025-07-30,https://github.com/hyperliquid-dex/hyperliquid-rust-sdk/pull/126
hyperliquid-dex,hyperliquid-rust-sdk,edwardycl,https://avatars.githubusercontent.com/u/19164116?v=4,119,Migrate to alloy,2025-07-28T14:09:53Z,2025-07-28,https://github.com/hyperliquid-dex/hyperliquid-rust-sdk/pull/119
hyperliquid-dex,node,murakamikaze,https://avatars.githubusercontent.com/u/157380038?v=4,78,fix: protect files in excluded dirs from deletions,2025-07-28T05:43:01Z,2025-07-28,https://github.com/hyperliquid-dex/node/pull/78
hyperliquid-dex,hyperliquid-python-sdk,tushar994,https://avatars.githubusercontent.com/u/54453857?v=4,180,correct documentation comments. max_gas in spot deploy is in HYPE.,2025-07-23T17:37:43Z,2025-07-23,https://github.com/hyperliquid-dex/hyperliquid-python-sdk/pull/180
hyperliquid-dex,hyperliquid-rust-sdk,calumrussell,https://avatars.githubusercontent.com/u/60528020?v=4,123,[feat] Implement schedule cancel,2025-07-22T02:30:40Z,2025-07-22,https://github.com/hyperliquid-dex/hyperliquid-rust-sdk/pull/123
hyperliquid-dex,hyper-evm-sync,NotJeremiah123,https://avatars.githubusercontent.com/u/217527322?v=4,3,Jeremiah/feat/snapshot cli,2025-07-15T08:49:46Z,2025-07-15,https://github.com/hyperliquid-dex/hyper-evm-sync/pull/3
hyperliquid-dex,hyper-evm-sync,adam254689,https://avatars.githubusercontent.com/u/142239944?v=4,5,warm precompile address range,2025-07-15T07:01:41Z,2025-07-15,https://github.com/hyperliquid-dex/hyper-evm-sync/pull/5
hyperliquid-dex,node,imperator-co,https://avatars.githubusercontent.com/u/81272306?v=4,92,Update Imperator node IP,2025-07-09T10:31:12Z,2025-07-09,https://github.com/hyperliquid-dex/node/pull/92
hyperliquid-dex,hyperliquid-rust-sdk,llvm-x86,https://avatars.githubusercontent.com/u/113465213?v=4,103,feat: add MetaAndAssetContexts to achieve `Retrieve perpetuals asset …,2025-07-08T19:54:23Z,2025-07-08,https://github.com/hyperliquid-dex/hyperliquid-rust-sdk/pull/103
hyperliquid-dex,node,dev-minsu,https://avatars.githubusercontent.com/u/5452940?v=4,88,feat: update fullnode ips,2025-07-03T15:12:46Z,2025-07-03,https://github.com/hyperliquid-dex/node/pull/88
hyperliquid-dex,hyperliquid-python-sdk,traderben,https://avatars.githubusercontent.com/u/95141121?v=4,170,Version 0.16.0,2025-07-02T19:17:45Z,2025-07-02,https://github.com/hyperliquid-dex/hyperliquid-python-sdk/pull/170
hyperliquid-dex,hyperliquid-rust-sdk,andrew-manifold,https://avatars.githubusercontent.com/u/102973930?v=4,114,Add in Evm User Modify method for exchange client,2025-07-02T18:04:51Z,2025-07-02,https://github.com/hyperliquid-dex/hyperliquid-rust-sdk/pull/114
hyperliquid-dex,hyperliquid-python-sdk,andreinasui,https://avatars.githubusercontent.com/u/48405986?v=4,168,Added activeAssetData websocket subscription,2025-07-02T00:28:23Z,2025-07-02,https://github.com/hyperliquid-dex/hyperliquid-python-sdk/pull/168
hyperliquid-dex,hyperliquid-rust-sdk,BriungRi,https://avatars.githubusercontent.com/u/8957844?v=4,113,Fix lint,2025-06-25T22:10:30Z,2025-06-25,https://github.com/hyperliquid-dex/hyperliquid-rust-sdk/pull/113
hyperliquid-dex,hyperliquid-rust-sdk,RodrigoPina407,https://avatars.githubusercontent.com/u/26839007?v=4,107,export SpotMeta and SpotAssetMeta,2025-06-24T23:29:15Z,2025-06-24,https://github.com/hyperliquid-dex/hyperliquid-rust-sdk/pull/107
hyperliquid-dex,hyperliquid-rust-sdk,sree-revoori1,https://avatars.githubusercontent.com/u/105384008?v=4,109,Add activeAssetData to ws,2025-06-24T23:27:34Z,2025-06-24,https://github.com/hyperliquid-dex/hyperliquid-rust-sdk/pull/109
hyperliquid-dex,hyperliquid-rust-sdk,syahrul12345,https://avatars.githubusercontent.com/u/28819941?v=4,91,Fix issue #88,2025-06-24T23:02:02Z,2025-06-24,https://github.com/hyperliquid-dex/hyperliquid-rust-sdk/pull/91
hyperliquid-dex,hyperliquid-rust-sdk,stemper-dev,https://avatars.githubusercontent.com/u/110726755?v=4,86,Fixed approve builder fee,2025-06-24T22:45:00Z,2025-06-24,https://github.com/hyperliquid-dex/hyperliquid-rust-sdk/pull/86
hyperliquid-dex,hyperliquid-rust-sdk,skr4n,https://avatars.githubusercontent.com/u/142958357?v=4,108,fix: Return current timestamp when nonce lags,2025-06-24T19:52:53Z,2025-06-24,https://github.com/hyperliquid-dex/hyperliquid-rust-sdk/pull/108
hyperliquid-dex,hyperliquid-rust-sdk,r0b3r7137,https://avatars.githubusercontent.com/u/36627851?v=4,101,Update sub_structs.rs to add missing users field in Trade struct,2025-06-24T16:22:09Z,2025-06-24,https://github.com/hyperliquid-dex/hyperliquid-rust-sdk/pull/101
hyperliquid-dex,hyperliquid-rust-sdk,BriungRi,https://avatars.githubusercontent.com/u/8957844?v=4,110,Add cloid to OpenOrdersResponse,2025-06-24T16:20:25Z,2025-06-24,https://github.com/hyperliquid-dex/hyperliquid-rust-sdk/pull/110
hyperliquid-dex,hyperliquid-rust-sdk,BriungRi,https://avatars.githubusercontent.com/u/8957844?v=4,111,Add WsBbo,2025-06-24T16:20:05Z,2025-06-24,https://github.com/hyperliquid-dex/hyperliquid-rust-sdk/pull/111
hyperliquid-dex,node,pratikbin,https://avatars.githubusercontent.com/u/68642400?v=4,85,fix: change nodeops mainnet seed ips,2025-06-20T16:22:27Z,2025-06-20,https://github.com/hyperliquid-dex/node/pull/85
hyperliquid-dex,hyperliquid-python-sdk,akpav,https://avatars.githubusercontent.com/u/122750961?v=4,165,Added activeAssetCtx websocket subscription,2025-06-13T17:51:46Z,2025-06-13,https://github.com/hyperliquid-dex/hyperliquid-python-sdk/pull/165
hyperliquid-dex,node,imperator-co,https://avatars.githubusercontent.com/u/81272306?v=4,77,add: dynamic file exclusion in prune script using EXCLUDES array,2025-05-30T10:58:01Z,2025-05-30,https://github.com/hyperliquid-dex/node/pull/77
hyperliquid-dex,node,nodebreaker0-0,https://avatars.githubusercontent.com/u/12446339?v=4,75,Update README.md: Modify the seed node IP address for B-Harvest,2025-05-26T04:35:40Z,2025-05-26,https://github.com/hyperliquid-dex/node/pull/75
hyperliquid-dex,node,Enigma-Validator,https://avatars.githubusercontent.com/u/91531677?v=4,74,Update README.md: Update Enigma's seed,2025-05-26T04:33:55Z,2025-05-26,https://github.com/hyperliquid-dex/node/pull/74
hyperliquid-dex,node,ponchik69,https://avatars.githubusercontent.com/u/42317122?v=4,64,Add Hyperbeat x P2P.org x Hypio non-validator peers,2025-05-21T02:58:59Z,2025-05-21,https://github.com/hyperliquid-dex/node/pull/64
hyperliquid-dex,hyperliquid-rust-sdk,BriungRi,https://avatars.githubusercontent.com/u/8957844?v=4,99,Add fee_token to TradeInfo,2025-05-16T16:39:28Z,2025-05-16,https://github.com/hyperliquid-dex/hyperliquid-rust-sdk/pull/99
hyperliquid-dex,node,Frixoe,https://avatars.githubusercontent.com/u/21309909?v=4,60,Add Luganodes non-validator peers,2025-05-16T07:12:22Z,2025-05-16,https://github.com/hyperliquid-dex/node/pull/60
hyperliquid-dex,hyperliquid-python-sdk,traderben,https://avatars.githubusercontent.com/u/95141121?v=4,154,Version 0.15.0,2025-05-14T20:35:26Z,2025-05-14,https://github.com/hyperliquid-dex/hyperliquid-python-sdk/pull/154
hyperliquid-dex,hyperliquid-python-sdk,BriungRi,https://avatars.githubusercontent.com/u/8957844?v=4,142,Add WsBbo,2025-05-14T16:48:28Z,2025-05-14,https://github.com/hyperliquid-dex/hyperliquid-python-sdk/pull/142
hyperliquid-dex,hyperliquid-python-sdk,jsutaria,https://avatars.githubusercontent.com/u/16076622?v=4,151,chore(signing): Update to use sign typed data instead of sign message,2025-05-07T23:16:29Z,2025-05-07,https://github.com/hyperliquid-dex/hyperliquid-python-sdk/pull/151
hyperliquid-dex,node,rpalakkal,https://avatars.githubusercontent.com/u/19766713?v=4,67,fix(readme): replica cmd options,2025-05-06T13:35:38Z,2025-05-06,https://github.com/hyperliquid-dex/node/pull/67
hyperliquid-dex,node,dev-minsu,https://avatars.githubusercontent.com/u/5452940?v=4,61,Add DeSpread X SKYGG non-validator peers,2025-05-06T09:33:11Z,2025-05-06,https://github.com/hyperliquid-dex/node/pull/61
hyperliquid-dex,hyperliquid-rust-sdk,CanvasL,https://avatars.githubusercontent.com/u/38127573?v=4,96,fix: vault_transfer type error,2025-04-25T15:28:11Z,2025-04-25,https://github.com/hyperliquid-dex/hyperliquid-rust-sdk/pull/96
hyperliquid-dex,hyperliquid-python-sdk,BriungRi,https://avatars.githubusercontent.com/u/8957844?v=4,144,Fix L2BookData typing,2025-04-21T17:14:44Z,2025-04-21,https://github.com/hyperliquid-dex/hyperliquid-python-sdk/pull/144
hyperliquid-dex,node,pratikbin,https://avatars.githubusercontent.com/u/68642400?v=4,58,chore: fixed malformed seeders,2025-04-11T10:21:04Z,2025-04-11,https://github.com/hyperliquid-dex/node/pull/58
hyperliquid-dex,node,murakamikaze,https://avatars.githubusercontent.com/u/157380038?v=4,57,Add ValiDAO peers,2025-04-07T13:15:14Z,2025-04-07,https://github.com/hyperliquid-dex/node/pull/57
hyperliquid-dex,node,pratikbin,https://avatars.githubusercontent.com/u/68642400?v=4,56,add seed IP,2025-04-07T02:17:48Z,2025-04-07,https://github.com/hyperliquid-dex/node/pull/56
hyperliquid-dex,node,Quertyy,https://avatars.githubusercontent.com/u/98064975?v=4,54,chore: add altitude seeds,2025-04-07T02:14:17Z,2025-04-07,https://github.com/hyperliquid-dex/node/pull/54
hyperliquid-dex,hyper-evm-sync,adam254689,https://avatars.githubusercontent.com/u/142239944?v=4,2,Change to library,2025-04-02T06:39:35Z,2025-04-02,https://github.com/hyperliquid-dex/hyper-evm-sync/pull/2
hyperliquid-dex,hyper-evm-sync,adam254689,https://avatars.githubusercontent.com/u/142239944?v=4,1,Update,2025-03-26T02:01:54Z,2025-03-26,https://github.com/hyperliquid-dex/hyper-evm-sync/pull/1
hyperliquid-dex,hyperliquid-rust-sdk,llvm-x86,https://avatars.githubusercontent.com/u/113465213?v=4,92,add `entryNtl` to `spotClearinghouseState` response,2025-03-17T22:33:42Z,2025-03-17,https://github.com/hyperliquid-dex/hyperliquid-rust-sdk/pull/92
hyperliquid-dex,node,aneagoe,https://avatars.githubusercontent.com/u/3854672?v=4,52,README.md: add non-validator seed IPs,2025-03-17T04:38:18Z,2025-03-17,https://github.com/hyperliquid-dex/node/pull/52
hyperliquid-dex,node,imperator-co,https://avatars.githubusercontent.com/u/81272306?v=4,48,Improved pruner and log display,2025-03-16T15:54:26Z,2025-03-16,https://github.com/hyperliquid-dex/node/pull/48
hyperliquid-dex,node,Enigma-Validator,https://avatars.githubusercontent.com/u/91531677?v=4,50,Add Enigma's Mainnet seeds,2025-03-16T15:45:50Z,2025-03-16,https://github.com/hyperliquid-dex/node/pull/50
hyperliquid-dex,node,imperator-co,https://avatars.githubusercontent.com/u/81272306?v=4,44,Add Imperator's EU & JP peers,2025-03-09T01:30:24Z,2025-03-09,https://github.com/hyperliquid-dex/node/pull/44
hyperliquid-dex,node,SolusRGB,https://avatars.githubusercontent.com/u/94470768?v=4,42,Update README.md,2025-03-09T00:53:35Z,2025-03-09,https://github.com/hyperliquid-dex/node/pull/42
hyperliquid-dex,hyperliquid-python-sdk,manhngodh,https://avatars.githubusercontent.com/u/24190552?v=4,130,fix ping_sender is blocked by ws.run_forever(),2025-02-11T22:50:23Z,2025-02-11,https://github.com/hyperliquid-dex/hyperliquid-python-sdk/pull/130
hyperliquid-dex,hyperliquid-rust-sdk,richardcrastis,https://avatars.githubusercontent.com/u/196427535?v=4,80,Add max leverage and cum funding to asset position,2025-02-11T07:19:00Z,2025-02-11,https://github.com/hyperliquid-dex/hyperliquid-rust-sdk/pull/80
hyperliquid-dex,hyperliquid-rust-sdk,namn-grg,https://avatars.githubusercontent.com/u/97289118?v=4,82,feat: ws active asset ctx,2025-02-11T07:18:40Z,2025-02-11,https://github.com/hyperliquid-dex/hyperliquid-rust-sdk/pull/82
hyperliquid-dex,hyperliquid-python-sdk,Stentonian,https://avatars.githubusercontent.com/u/48631759?v=4,128,Fix comments in basic agent example,2025-02-08T03:46:00Z,2025-02-08,https://github.com/hyperliquid-dex/hyperliquid-python-sdk/pull/128
hyperliquid-dex,hyperliquid-python-sdk,dbast,https://avatars.githubusercontent.com/u/2790401?v=4,126,Refactor linting + enable via Github workflow,2025-02-06T20:06:20Z,2025-02-06,https://github.com/hyperliquid-dex/hyperliquid-python-sdk/pull/126
hyperliquid-dex,hyperliquid-python-sdk,patidarrahul,https://avatars.githubusercontent.com/u/58598092?v=4,83,Improve code documentation and add comments for clarity,2025-02-05T19:40:53Z,2025-02-05,https://github.com/hyperliquid-dex/hyperliquid-python-sdk/pull/83
hyperliquid-dex,hyperliquid-python-sdk,dbast,https://avatars.githubusercontent.com/u/2790401?v=4,116,Support + test Python 3.9-3.13,2025-02-03T18:46:04Z,2025-02-03,https://github.com/hyperliquid-dex/hyperliquid-python-sdk/pull/116
hyperliquid-dex,ts-examples,2hyunbin,https://avatars.githubusercontent.com/u/60809568?v=4,4,feat: OrderExample,2025-02-03T17:48:03Z,2025-02-03,https://github.com/hyperliquid-dex/ts-examples/pull/4
hyperliquid-dex,hyperliquid-python-sdk,dbast,https://avatars.githubusercontent.com/u/2790401?v=4,115,Fix ci workflow: Stop producing the coverage badge,2025-01-17T19:16:36Z,2025-01-17,https://github.com/hyperliquid-dex/hyperliquid-python-sdk/pull/115
hyperliquid-dex,hyperliquid-python-sdk,Z-Rubin,https://avatars.githubusercontent.com/u/86024631?v=4,92,Addition of Staking Info,2025-01-17T17:47:14Z,2025-01-17,https://github.com/hyperliquid-dex/hyperliquid-python-sdk/pull/92
hyperliquid-dex,hyperliquid-python-sdk,0xabhinav,https://avatars.githubusercontent.com/u/97421185?v=4,85,Loosen eth deps requirement,2025-01-17T17:42:00Z,2025-01-17,https://github.com/hyperliquid-dex/hyperliquid-python-sdk/pull/85
hyperliquid-dex,hyperliquid-python-sdk,dbast,https://avatars.githubusercontent.com/u/2790401?v=4,113,ci: Enable automatic tests execution via Github workflow,2025-01-17T17:36:30Z,2025-01-17,https://github.com/hyperliquid-dex/hyperliquid-python-sdk/pull/113
hyperliquid-dex,hyperliquid-python-sdk,JmPotato,https://avatars.githubusercontent.com/u/1446531?v=4,73,Add graceful shutdown logic for WebSocket,2025-01-17T10:00:17Z,2025-01-17,https://github.com/hyperliquid-dex/hyperliquid-python-sdk/pull/73
hyperliquid-dex,hyperliquid-python-sdk,RealLord,https://avatars.githubusercontent.com/u/6505402?v=4,114,Update types.py [Add string representation to Cloid object],2025-01-17T01:22:03Z,2025-01-17,https://github.com/hyperliquid-dex/hyperliquid-python-sdk/pull/114
hyperliquid-dex,hyperliquid-python-sdk,arora-anmol,https://avatars.githubusercontent.com/u/10062365?v=4,93,fix(example): using original agent instead of extra_agent,2025-01-17T01:00:25Z,2025-01-17,https://github.com/hyperliquid-dex/hyperliquid-python-sdk/pull/93
hyperliquid-dex,node,imperator-co,https://avatars.githubusercontent.com/u/81272306?v=4,30,Update Dockerfile following latest breaking changes,2025-01-15T14:40:31Z,2025-01-15,https://github.com/hyperliquid-dex/node/pull/30
hyperliquid-dex,hyperliquid-rust-sdk,zietzm,https://avatars.githubusercontent.com/u/7230303?v=4,79,Add Historical Orders to info client,2025-01-14T07:14:59Z,2025-01-14,https://github.com/hyperliquid-dex/hyperliquid-rust-sdk/pull/79
hyperliquid-dex,node,traderben,https://avatars.githubusercontent.com/u/95141121?v=4,28,Update license,2025-01-09T22:25:12Z,2025-01-09,https://github.com/hyperliquid-dex/node/pull/28
hyperliquid-dex,hyperliquid-rust-sdk,traderben,https://avatars.githubusercontent.com/u/95141121?v=4,77,Update license and terms,2025-01-09T21:52:45Z,2025-01-09,https://github.com/hyperliquid-dex/hyperliquid-rust-sdk/pull/77
hyperliquid-dex,node,tappikone,https://avatars.githubusercontent.com/u/95533118?v=4,27,Update README.md with system service option,2025-01-02T20:38:17Z,2025-01-02,https://github.com/hyperliquid-dex/node/pull/27
hyperliquid-dex,hyperliquid-rust-sdk,Frixoe,https://avatars.githubusercontent.com/u/21309909?v=4,66,Add Builder Codes,2024-12-23T17:12:04Z,2024-12-23,https://github.com/hyperliquid-dex/hyperliquid-rust-sdk/pull/66
hyperliquid-dex,hyperliquid-rust-sdk,lmlmt,https://avatars.githubusercontent.com/u/112962729?v=4,73,"Revert ""Reduce dependencies for library consumers""",2024-12-21T18:49:43Z,2024-12-21,https://github.com/hyperliquid-dex/hyperliquid-rust-sdk/pull/73
hyperliquid-dex,hyperliquid-rust-sdk,fructose-outburst,https://avatars.githubusercontent.com/u/176707814?v=4,67,Reduce dependencies for library consumers,2024-12-21T18:45:36Z,2024-12-21,https://github.com/hyperliquid-dex/hyperliquid-rust-sdk/pull/67
hyperliquid-dex,hyperliquid-rust-sdk,zhourunlai,https://avatars.githubusercontent.com/u/9172247?v=4,72,Websocket subscribe webData2 channel,2024-12-21T18:45:09Z,2024-12-21,https://github.com/hyperliquid-dex/hyperliquid-rust-sdk/pull/72
hyperliquid-dex,node,BriungRi,https://avatars.githubusercontent.com/u/8957844?v=4,20,Expose 4000-4010 in Dockerfile,2024-12-19T06:33:20Z,2024-12-19,https://github.com/hyperliquid-dex/node/pull/20
hyperliquid-dex,node,rajivpo,https://avatars.githubusercontent.com/u/19913716?v=4,23,docs: update min self-delegation requirement for testnet,2024-12-19T06:32:51Z,2024-12-19,https://github.com/hyperliquid-dex/node/pull/23
hyperliquid-dex,node,BriungRi,https://avatars.githubusercontent.com/u/8957844?v=4,22,Delete unavailable option --write-replica-cmd-resps,2024-12-19T06:29:12Z,2024-12-19,https://github.com/hyperliquid-dex/node/pull/22
hyperliquid-dex,node,Stakecraft,https://avatars.githubusercontent.com/u/87334642?v=4,19,Update README.md,2024-12-19T06:27:48Z,2024-12-19,https://github.com/hyperliquid-dex/node/pull/19
hyperliquid-dex,hyperliquid-python-sdk,zhourunlai,https://avatars.githubusercontent.com/u/9172247?v=4,82,Websocket subscribe webData2 channel,2024-12-17T02:28:04Z,2024-12-17,https://github.com/hyperliquid-dex/hyperliquid-python-sdk/pull/82
hyperliquid-dex,hyperliquid-python-sdk,RamanSB,https://avatars.githubusercontent.com/u/13969478?v=4,80,Refactor BasicAdder for Improved Readability and Maintainability,2024-12-17T01:02:26Z,2024-12-17,https://github.com/hyperliquid-dex/hyperliquid-python-sdk/pull/80
hyperliquid-dex,node,BriungRi,https://avatars.githubusercontent.com/u/8957844?v=4,18,Map contiguous ports 4000-4010 in docker-compose.yml,2024-12-16T17:53:17Z,2024-12-16,https://github.com/hyperliquid-dex/node/pull/18
hyperliquid-dex,hyperliquid-rust-sdk,silasalberti,https://avatars.githubusercontent.com/u/19505672?v=4,68,Add Debug trait implementations for all structs and enums,2024-12-08T16:39:33Z,2024-12-08,https://github.com/hyperliquid-dex/hyperliquid-rust-sdk/pull/68
hyperliquid-dex,hyperliquid-stats-web,Scalpweb,https://avatars.githubusercontent.com/u/37371?v=4,36,Remove footer,2024-11-21T15:00:29Z,2024-11-21,https://github.com/hyperliquid-dex/hyperliquid-stats-web/pull/36
hyperliquid-dex,hyperliquid-python-sdk,indyMccarthy,https://avatars.githubusercontent.com/u/17669900?v=4,66,userFillsByTime method support,2024-11-13T20:38:45Z,2024-11-13,https://github.com/hyperliquid-dex/hyperliquid-python-sdk/pull/66
hyperliquid-dex,hyperliquid-python-sdk,osrm,https://avatars.githubusercontent.com/u/90407222?v=4,68,docs: fix minor typo README.md,2024-11-13T20:35:36Z,2024-11-13,https://github.com/hyperliquid-dex/hyperliquid-python-sdk/pull/68
hyperliquid-dex,hyperliquid-python-sdk,futreall,https://avatars.githubusercontent.com/u/86553580?v=4,67,Typo Update info_test.py,2024-11-13T20:34:01Z,2024-11-13,https://github.com/hyperliquid-dex/hyperliquid-python-sdk/pull/67
hyperliquid-dex,node,AutoStake1,https://avatars.githubusercontent.com/u/22457974?v=4,16,Fix Join Network JSON,2024-11-08T03:11:21Z,2024-11-08,https://github.com/hyperliquid-dex/node/pull/16
hyperliquid-dex,hyperliquid-rust-sdk,snow-avocado,https://avatars.githubusercontent.com/u/160740521?v=4,63,Add reconnect support in ws_manager,2024-11-06T19:08:26Z,2024-11-06,https://github.com/hyperliquid-dex/hyperliquid-rust-sdk/pull/63
hyperliquid-dex,node,techiepriyansh,https://avatars.githubusercontent.com/u/26199781?v=4,13,Dockerfile: Fix gossip ports,2024-10-17T01:54:08Z,2024-10-17,https://github.com/hyperliquid-dex/node/pull/13
hyperliquid-dex,hyperliquid-rust-sdk,abrkn,https://avatars.githubusercontent.com/u/843958?v=4,57,Handle order not found from info orderStatus,2024-10-16T01:27:27Z,2024-10-16,https://github.com/hyperliquid-dex/hyperliquid-rust-sdk/pull/57
hyperliquid-dex,hyperliquid-rust-sdk,abrkn,https://avatars.githubusercontent.com/u/843958?v=4,58,Add modify order,2024-10-16T01:27:09Z,2024-10-16,https://github.com/hyperliquid-dex/hyperliquid-rust-sdk/pull/58
hyperliquid-dex,hyperliquid-python-sdk,perplover,https://avatars.githubusercontent.com/u/184728147?v=4,60,Bump eth-abi to 4.1.0 and eth-account to 0.10.0,2024-10-15T23:13:10Z,2024-10-15,https://github.com/hyperliquid-dex/hyperliquid-python-sdk/pull/60
hyperliquid-dex,hyperliquid-python-sdk,perplover,https://avatars.githubusercontent.com/u/184728147?v=4,61,Add configuration readme,2024-10-15T21:21:19Z,2024-10-15,https://github.com/hyperliquid-dex/hyperliquid-python-sdk/pull/61
hyperliquid-dex,hyperliquid-python-sdk,perplover,https://avatars.githubusercontent.com/u/184728147?v=4,63,Update mypy to 0.981 to support cross-platform development,2024-10-15T20:58:34Z,2024-10-15,https://github.com/hyperliquid-dex/hyperliquid-python-sdk/pull/63
hyperliquid-dex,hyperliquid-python-sdk,perplover,https://avatars.githubusercontent.com/u/184728147?v=4,59,"Add pre-commit hook for codestyle check, and also run codestyle",2024-10-15T17:47:51Z,2024-10-15,https://github.com/hyperliquid-dex/hyperliquid-python-sdk/pull/59
hyperliquid-dex,node,arb000r,https://avatars.githubusercontent.com/u/40786269?v=4,12,Update README.md,2024-10-11T05:00:08Z,2024-10-11,https://github.com/hyperliquid-dex/node/pull/12
hyperliquid-dex,hyperliquid-rust-sdk,Frixoe,https://avatars.githubusercontent.com/u/21309909?v=4,61,Fix #47: Handle dropping the WsManager without creating a new Runtime and blocking on tasks,2024-10-04T01:15:51Z,2024-10-04,https://github.com/hyperliquid-dex/hyperliquid-rust-sdk/pull/61
hyperliquid-dex,hyperliquid-python-sdk,cgaspart,https://avatars.githubusercontent.com/u/33488209?v=4,56,Vault USD transfer,2024-09-26T16:19:59Z,2024-09-26,https://github.com/hyperliquid-dex/hyperliquid-python-sdk/pull/56
hyperliquid-dex,node,murakamikaze,https://avatars.githubusercontent.com/u/157380038?v=4,8,add new launch syntax to Dockerfile,2024-09-25T10:45:35Z,2024-09-25,https://github.com/hyperliquid-dex/node/pull/8
hyperliquid-dex,hyperliquid-rust-sdk,lmlmt,https://avatars.githubusercontent.com/u/112962729?v=4,60,"Revert ""Fix #47: Handle WsManager Drop and close the ping and reader tasks""",2024-09-23T18:10:11Z,2024-09-23,https://github.com/hyperliquid-dex/hyperliquid-rust-sdk/pull/60
hyperliquid-dex,hyperliquid-rust-sdk,abrkn,https://avatars.githubusercontent.com/u/843958?v=4,56,Add missing fee field to UserFillsResponse,2024-09-19T17:15:20Z,2024-09-19,https://github.com/hyperliquid-dex/hyperliquid-rust-sdk/pull/56
hyperliquid-dex,hyperliquid-rust-sdk,mathdroid,https://avatars.githubusercontent.com/u/3748658?v=4,55,feat(ExchangeClient): Add market open and close methods,2024-09-04T17:51:11Z,2024-09-04,https://github.com/hyperliquid-dex/hyperliquid-rust-sdk/pull/55
hyperliquid-dex,hyperliquid-rust-sdk,Frixoe,https://avatars.githubusercontent.com/u/21309909?v=4,51,Fix #47: Handle WsManager Drop and close the ping and reader tasks,2024-08-26T20:19:31Z,2024-08-26,https://github.com/hyperliquid-dex/hyperliquid-rust-sdk/pull/51
hyperliquid-dex,hyperliquid-python-sdk,lutwidse,https://avatars.githubusercontent.com/u/74334594?v=4,52,fix: spot_transfer sign,2024-08-23T17:11:17Z,2024-08-23,https://github.com/hyperliquid-dex/hyperliquid-python-sdk/pull/52
hyperliquid-dex,hyperliquid-python-sdk,lutwidse,https://avatars.githubusercontent.com/u/74334594?v=4,51,add: spot_transfer,2024-08-22T20:33:29Z,2024-08-22,https://github.com/hyperliquid-dex/hyperliquid-python-sdk/pull/51
hyperliquid-dex,hyperliquid-rust-sdk,Frixoe,https://avatars.githubusercontent.com/u/21309909?v=4,46,Fix #45: Send errors as Messages over subscription sender channel,2024-08-19T23:03:41Z,2024-08-19,https://github.com/hyperliquid-dex/hyperliquid-rust-sdk/pull/46
hyperliquid-dex,hyperliquid-python-sdk,rtunazzz,https://avatars.githubusercontent.com/u/38296319?v=4,47,feat(hl/types): Update `SpotTokenInfo` to reflect current API responses,2024-07-26T22:45:27Z,2024-07-26,https://github.com/hyperliquid-dex/hyperliquid-python-sdk/pull/47
hyperliquid-dex,node,AutoStake1,https://avatars.githubusercontent.com/u/22457974?v=4,5,Add pruner,2024-07-22T15:04:51Z,2024-07-22,https://github.com/hyperliquid-dex/node/pull/5
hyperliquid-dex,node,paolofacchinetti,https://avatars.githubusercontent.com/u/51409747?v=4,2,feat: add Dockerfile and docker compose files,2024-07-18T15:08:56Z,2024-07-18,https://github.com/hyperliquid-dex/node/pull/2
hyperliquid-dex,node,TheSalade,https://avatars.githubusercontent.com/u/83350456?v=4,4,Update README.md,2024-07-18T13:46:26Z,2024-07-18,https://github.com/hyperliquid-dex/node/pull/4
hyperliquid-dex,hyperliquid-rust-sdk,Frixoe,https://avatars.githubusercontent.com/u/21309909?v=4,42,Add set_referrer action to set referral codes for a wallet,2024-07-15T20:21:40Z,2024-07-15,https://github.com/hyperliquid-dex/hyperliquid-rust-sdk/pull/42
hyperliquid-dex,hyperliquid-stats-web,Scalpweb,https://avatars.githubusercontent.com/u/37371?v=4,35,Add concurrent requests limit,2024-07-09T08:36:35Z,2024-07-09,https://github.com/hyperliquid-dex/hyperliquid-stats-web/pull/35
hyperliquid-dex,hyperliquid-rust-sdk,Frixoe,https://avatars.githubusercontent.com/u/21309909?v=4,41,Add a NAME/USDC to spot index mapping to the coin_to_asset HashMap,2024-07-08T11:30:41Z,2024-07-08,https://github.com/hyperliquid-dex/hyperliquid-rust-sdk/pull/41
hyperliquid-dex,hyperliquid-python-sdk,zknpr,https://avatars.githubusercontent.com/u/96851588?v=4,45,Added metaAndAssetCtxs function,2024-07-05T02:27:24Z,2024-07-05,https://github.com/hyperliquid-dex/hyperliquid-python-sdk/pull/45
hyperliquid-dex,hyperliquid-rust-sdk,sree-revoori1,https://avatars.githubusercontent.com/u/105384008?v=4,39,"Add userfees, userfundings, and spotclearinghousestate to info client",2024-07-03T02:11:25Z,2024-07-03,https://github.com/hyperliquid-dex/hyperliquid-rust-sdk/pull/39
hyperliquid-dex,hyperliquid-rust-sdk,sree-revoori1,https://avatars.githubusercontent.com/u/105384008?v=4,40,"Add support for spot, vault, and class transfers to exchange client",2024-07-02T03:06:38Z,2024-07-02,https://github.com/hyperliquid-dex/hyperliquid-rust-sdk/pull/40
hyperliquid-dex,hyperliquid-python-sdk,RaduGeorgescu,https://avatars.githubusercontent.com/u/92390017?v=4,42,create spotMetaAndAssetCtxs function,2024-06-21T03:09:19Z,2024-06-21,https://github.com/hyperliquid-dex/hyperliquid-python-sdk/pull/42
hyperliquid-dex,hyperliquid-rust-sdk,sree-revoori1,https://avatars.githubusercontent.com/u/105384008?v=4,36,"Add CI for unit tests, fmt, and linting",2024-06-21T02:50:02Z,2024-06-21,https://github.com/hyperliquid-dex/hyperliquid-rust-sdk/pull/36
hyperliquid-dex,hyperliquid-rust-sdk,sree-revoori1,https://avatars.githubusercontent.com/u/105384008?v=4,37,Add notification and more user events to ws,2024-06-21T02:48:15Z,2024-06-21,https://github.com/hyperliquid-dex/hyperliquid-rust-sdk/pull/37
hyperliquid-dex,hyperliquid-rust-sdk,sree-revoori1,https://avatars.githubusercontent.com/u/105384008?v=4,24,Update ethers rs version,2024-06-20T05:02:54Z,2024-06-20,https://github.com/hyperliquid-dex/hyperliquid-rust-sdk/pull/24
hyperliquid-dex,hyperliquid-rust-sdk,sree-revoori1,https://avatars.githubusercontent.com/u/105384008?v=4,19,Add support for WS UserNonFundingLedgerUpdates,2024-06-20T04:11:54Z,2024-06-20,https://github.com/hyperliquid-dex/hyperliquid-rust-sdk/pull/19
hyperliquid-dex,hyperliquid-rust-sdk,sree-revoori1,https://avatars.githubusercontent.com/u/105384008?v=4,23,Add support for sending pings to the WS server,2024-06-20T04:01:48Z,2024-06-20,https://github.com/hyperliquid-dex/hyperliquid-rust-sdk/pull/23
hyperliquid-dex,hyperliquid-rust-sdk,sree-revoori1,https://avatars.githubusercontent.com/u/105384008?v=4,32,Add functionality to withdraw from Hyperliquid bridge,2024-06-20T02:22:03Z,2024-06-20,https://github.com/hyperliquid-dex/hyperliquid-rust-sdk/pull/32
hyperliquid-dex,hyperliquid-rust-sdk,sree-revoori1,https://avatars.githubusercontent.com/u/105384008?v=4,28,Add WsUserFundings to websocket,2024-06-20T02:09:25Z,2024-06-20,https://github.com/hyperliquid-dex/hyperliquid-rust-sdk/pull/28
hyperliquid-dex,hyperliquid-rust-sdk,LouGel,https://avatars.githubusercontent.com/u/66965021?v=4,31,Fixed wrong signature for Trigger Order requests,2024-06-18T06:17:10Z,2024-06-18,https://github.com/hyperliquid-dex/hyperliquid-rust-sdk/pull/31
hyperliquid-dex,hyperliquid-rust-sdk,Frixoe,https://avatars.githubusercontent.com/u/21309909?v=4,29,Add spot ordering,2024-06-18T02:38:01Z,2024-06-18,https://github.com/hyperliquid-dex/hyperliquid-rust-sdk/pull/29
hyperliquid-dex,hyperliquid-python-sdk,rtunazzz,https://avatars.githubusercontent.com/u/38296319?v=4,38,Update the slippage function to work correctly with spot precision,2024-06-11T09:53:57Z,2024-06-11,https://github.com/hyperliquid-dex/hyperliquid-python-sdk/pull/38
hyperliquid-dex,hyperliquid-python-sdk,janklimo,https://avatars.githubusercontent.com/u/7811733?v=4,37,Update spot meta types,2024-06-10T03:28:20Z,2024-06-10,https://github.com/hyperliquid-dex/hyperliquid-python-sdk/pull/37
hyperliquid-dex,hyperliquid-python-sdk,GavinPHR,https://avatars.githubusercontent.com/u/22922351?v=4,34,Update position to 0 when user assetPositions is empty,2024-05-14T17:00:48Z,2024-05-14,https://github.com/hyperliquid-dex/hyperliquid-python-sdk/pull/34
hyperliquid-dex,hyperliquid-python-sdk,GavinPHR,https://avatars.githubusercontent.com/u/22922351?v=4,33,Websocket unsubscribe return status check fix,2024-05-13T16:37:50Z,2024-05-13,https://github.com/hyperliquid-dex/hyperliquid-python-sdk/pull/33
hyperliquid-dex,hyperliquid-stats-web,Scalpweb,https://avatars.githubusercontent.com/u/37371?v=4,34,Use data from S3 instead of API,2024-05-09T01:30:07Z,2024-05-09,https://github.com/hyperliquid-dex/hyperliquid-stats-web/pull/34
hyperliquid-dex,hyperliquid-python-sdk,Alexlesch98,https://avatars.githubusercontent.com/u/160536953?v=4,25,Update api.py,2024-04-15T20:34:37Z,2024-04-15,https://github.com/hyperliquid-dex/hyperliquid-python-sdk/pull/25
hyperliquid-dex,hyperliquid-python-sdk,smeshny,https://avatars.githubusercontent.com/u/14953852?v=4,31,Add user_fees method to hyperliquid/info.py to retrieve user's volume…,2024-04-15T20:27:12Z,2024-04-15,https://github.com/hyperliquid-dex/hyperliquid-python-sdk/pull/31
hyperliquid-dex,hyperliquid-python-sdk,skyonedot,https://avatars.githubusercontent.com/u/49084147?v=4,26,"Removed the fixed string, replaced with variable",2024-04-15T18:40:41Z,2024-04-15,https://github.com/hyperliquid-dex/hyperliquid-python-sdk/pull/26
hyperliquid-dex,hyperliquid-rust-sdk,john-h-k,https://avatars.githubusercontent.com/u/32420055?v=4,16,Add `cloid` to fills and add `UserFills` event type,2024-04-01T18:57:32Z,2024-04-01,https://github.com/hyperliquid-dex/hyperliquid-rust-sdk/pull/16
hyperliquid-dex,hyperliquid-rust-sdk,Nayshins,https://avatars.githubusercontent.com/u/5025057?v=4,10,Add cloid to order and cancel requests,2024-02-21T20:27:02Z,2024-02-21,https://github.com/hyperliquid-dex/hyperliquid-rust-sdk/pull/10
hyperliquid-dex,hyperliquid-rust-sdk,lmlmt,https://avatars.githubusercontent.com/u/112962729?v=4,13,Add more unit tests,2024-02-20T19:28:39Z,2024-02-20,https://github.com/hyperliquid-dex/hyperliquid-rust-sdk/pull/13
hyperliquid-dex,hyperliquid-python-sdk,Lapo4kaKek,https://avatars.githubusercontent.com/u/97127102?v=4,19,add function get_user_funding_history,2024-02-20T17:43:43Z,2024-02-20,https://github.com/hyperliquid-dex/hyperliquid-python-sdk/pull/19
hyperliquid-dex,hyperliquid-stats-web,tradermohamed,https://avatars.githubusercontent.com/u/110409704?v=4,32,set sol colour to orange,2024-02-16T22:10:07Z,2024-02-16,https://github.com/hyperliquid-dex/hyperliquid-stats-web/pull/32
hyperliquid-dex,hyperliquid-stats-web,tradermohamed,https://avatars.githubusercontent.com/u/110409704?v=4,31,update tokens,2024-02-16T22:02:04Z,2024-02-16,https://github.com/hyperliquid-dex/hyperliquid-stats-web/pull/31
hyperliquid-dex,hyperliquid-stats-web,tradermohamed,https://avatars.githubusercontent.com/u/110409704?v=4,30,Language Fixes,2024-02-14T16:31:24Z,2024-02-14,https://github.com/hyperliquid-dex/hyperliquid-stats-web/pull/30
hyperliquid-dex,hyperliquid-stats-web,tradermohamed,https://avatars.githubusercontent.com/u/110409704?v=4,29,Fix Decimals,2024-02-13T18:27:51Z,2024-02-13,https://github.com/hyperliquid-dex/hyperliquid-stats-web/pull/29
hyperliquid-dex,hyperliquid-rust-sdk,lmlmt,https://avatars.githubusercontent.com/u/112962729?v=4,11,Integrate new action hashing scheme based on MsgPack,2024-02-08T23:03:02Z,2024-02-08,https://github.com/hyperliquid-dex/hyperliquid-rust-sdk/pull/11
hyperliquid-dex,hyperliquid-python-sdk,liewhite,https://avatars.githubusercontent.com/u/7992884?v=4,16,Fix: abs(sz) on market_close with None sz,2024-01-30T18:55:19Z,2024-01-30,https://github.com/hyperliquid-dex/hyperliquid-python-sdk/pull/16
hyperliquid-dex,hyperliquid-rust-sdk,Nayshins,https://avatars.githubusercontent.com/u/5025057?v=4,8,Add OrderUpdates websocket subscription,2024-01-17T15:14:23Z,2024-01-17,https://github.com/hyperliquid-dex/hyperliquid-rust-sdk/pull/8
hyperliquid-dex,hyperliquid-rust-sdk,lmlmt,https://avatars.githubusercontent.com/u/112962729?v=4,7,"Revert ""Add ModifyOrder api""",2023-12-19T22:40:14Z,2023-12-19,https://github.com/hyperliquid-dex/hyperliquid-rust-sdk/pull/7
hyperliquid-dex,hyperliquid-rust-sdk,DenisDeFaria,https://avatars.githubusercontent.com/u/74181819?v=4,6,Add ModifyOrder api,2023-12-18T16:55:38Z,2023-12-18,https://github.com/hyperliquid-dex/hyperliquid-rust-sdk/pull/6
hyperliquid-dex,hyperliquid-stats-web,tradermohamed,https://avatars.githubusercontent.com/u/110409704?v=4,28,Fix empty selection,2023-12-08T19:37:07Z,2023-12-08,https://github.com/hyperliquid-dex/hyperliquid-stats-web/pull/28
hyperliquid-dex,hyperliquid-rust-sdk,sr-fuentes,https://avatars.githubusercontent.com/u/29989568?v=4,5,Update response_structs.rs OpenOrder oid,2023-12-04T14:49:34Z,2023-12-04,https://github.com/hyperliquid-dex/hyperliquid-rust-sdk/pull/5
hyperliquid-dex,hyperliquid-python-sdk,lh14576,https://avatars.githubusercontent.com/u/30257285?v=4,10,Adding Market Orders,2023-11-30T21:56:29Z,2023-11-30,https://github.com/hyperliquid-dex/hyperliquid-python-sdk/pull/10
hyperliquid-dex,hyperliquid-python-sdk,lmlmt,https://avatars.githubusercontent.com/u/112962729?v=4,9,Client order ID enhancements,2023-11-17T15:36:11Z,2023-11-17,https://github.com/hyperliquid-dex/hyperliquid-python-sdk/pull/9
hyperliquid-dex,hyperliquid-python-sdk,lmlmt,https://avatars.githubusercontent.com/u/112962729?v=4,8,Add support for websocket pings,2023-11-16T19:58:24Z,2023-11-16,https://github.com/hyperliquid-dex/hyperliquid-python-sdk/pull/8
hyperliquid-dex,hyperliquid-python-sdk,lmlmt,https://avatars.githubusercontent.com/u/112962729?v=4,6,Apply formatting,2023-11-15T03:55:19Z,2023-11-15,https://github.com/hyperliquid-dex/hyperliquid-python-sdk/pull/6
hyperliquid-dex,hyperliquid-python-sdk,lmlmt,https://avatars.githubusercontent.com/u/112962729?v=4,5,Add support for cloids,2023-11-15T03:42:20Z,2023-11-15,https://github.com/hyperliquid-dex/hyperliquid-python-sdk/pull/5
hyperliquid-dex,hyperliquid-stats-web,tradermohamed,https://avatars.githubusercontent.com/u/110409704?v=4,27,fixes,2023-10-25T17:40:04Z,2023-10-25,https://github.com/hyperliquid-dex/hyperliquid-stats-web/pull/27
hyperliquid-dex,hyperliquid-stats,lmlmt,https://avatars.githubusercontent.com/u/112962729?v=4,16,Fixes for trade tables,2023-10-16T19:38:03Z,2023-10-16,https://github.com/hyperliquid-dex/hyperliquid-stats/pull/16
hyperliquid-dex,hyperliquid-stats,lmlmt,https://avatars.githubusercontent.com/u/112962729?v=4,15,Enrich liquidations with market liquidation fills,2023-10-03T14:31:07Z,2023-10-03,https://github.com/hyperliquid-dex/hyperliquid-stats/pull/15
hyperliquid-dex,hyperliquid-rust-sdk,rajivpo,https://avatars.githubusercontent.com/u/19913716?v=4,2,feat: ws support for candle data,2023-09-22T12:55:28Z,2023-09-22,https://github.com/hyperliquid-dex/hyperliquid-rust-sdk/pull/2
hyperliquid-dex,hyperliquid-rust-sdk,adam254689,https://avatars.githubusercontent.com/u/142239944?v=4,3,new crates.io crate,2023-09-15T19:08:16Z,2023-09-15,https://github.com/hyperliquid-dex/hyperliquid-rust-sdk/pull/3
hyperliquid-dex,hyperliquid-stats-web,tradermohamed,https://avatars.githubusercontent.com/u/110409704?v=4,26,Slippage graph fixes,2023-09-15T15:21:12Z,2023-09-15,https://github.com/hyperliquid-dex/hyperliquid-stats-web/pull/26
hyperliquid-dex,hyperliquid-stats,lmlmt,https://avatars.githubusercontent.com/u/112962729?v=4,14,Add higher slippage measures,2023-09-13T20:20:52Z,2023-09-13,https://github.com/hyperliquid-dex/hyperliquid-stats/pull/14
hyperliquid-dex,hyperliquid-rust-sdk,adam254689,https://avatars.githubusercontent.com/u/142239944?v=4,1,different signatures for mainnet vs other networks,2023-09-11T20:57:20Z,2023-09-11,https://github.com/hyperliquid-dex/hyperliquid-rust-sdk/pull/1
hyperliquid-dex,hyperliquid-stats-web,tradermohamed,https://avatars.githubusercontent.com/u/110409704?v=4,25,Minor fix,2023-09-07T00:03:03Z,2023-09-07,https://github.com/hyperliquid-dex/hyperliquid-stats-web/pull/25
hyperliquid-dex,hyperliquid-stats-web,tradermohamed,https://avatars.githubusercontent.com/u/110409704?v=4,24,Always display cumulative line,2023-09-06T23:47:43Z,2023-09-06,https://github.com/hyperliquid-dex/hyperliquid-stats-web/pull/24
hyperliquid-dex,hyperliquid-stats-web,tradermohamed,https://avatars.githubusercontent.com/u/110409704?v=4,23,"Add coin selector dropdown for open interest graph & add option to remove ""All"" from coin selectors",2023-09-05T18:44:23Z,2023-09-05,https://github.com/hyperliquid-dex/hyperliquid-stats-web/pull/23
hyperliquid-dex,hyperliquid-stats-web,tradermohamed,https://avatars.githubusercontent.com/u/110409704?v=4,22,Fixes and remove liquidator,2023-08-29T20:29:06Z,2023-08-29,https://github.com/hyperliquid-dex/hyperliquid-stats-web/pull/22
hyperliquid-dex,hyperliquid-stats-web,traderben,https://avatars.githubusercontent.com/u/95141121?v=4,21,Update retail volume description,2023-08-29T16:05:42Z,2023-08-29,https://github.com/hyperliquid-dex/hyperliquid-stats-web/pull/21
hyperliquid-dex,hyperliquid-stats-web,tradermohamed,https://avatars.githubusercontent.com/u/110409704?v=4,19,Fixing slippage chart and misc clean up,2023-08-10T15:30:21Z,2023-08-10,https://github.com/hyperliquid-dex/hyperliquid-stats-web/pull/19
hyperliquid-dex,hyperliquid-stats-web,tradermohamed,https://avatars.githubusercontent.com/u/110409704?v=4,18,Misc clean up and fixes,2023-08-03T19:43:50Z,2023-08-03,https://github.com/hyperliquid-dex/hyperliquid-stats-web/pull/18
hyperliquid-dex,hyperliquid-stats-web,trophies2015,https://avatars.githubusercontent.com/u/13603407?v=4,17,merge in bunch of small fixes,2023-08-03T17:24:22Z,2023-08-03,https://github.com/hyperliquid-dex/hyperliquid-stats-web/pull/17
hyperliquid-dex,hyperliquid-stats-web,trophies2015,https://avatars.githubusercontent.com/u/13603407?v=4,16,"Revert ""Merge mobile changes (#12)""",2023-08-03T17:18:15Z,2023-08-03,https://github.com/hyperliquid-dex/hyperliquid-stats-web/pull/16
hyperliquid-dex,hyperliquid-stats-web,trophies2015,https://avatars.githubusercontent.com/u/13603407?v=4,13,Fixed rest of todo list,2023-08-02T22:27:32Z,2023-08-02,https://github.com/hyperliquid-dex/hyperliquid-stats-web/pull/13
hyperliquid-dex,hyperliquid-stats-web,tradermohamed,https://avatars.githubusercontent.com/u/110409704?v=4,12,Merge mobile changes,2023-08-02T19:44:27Z,2023-08-02,https://github.com/hyperliquid-dex/hyperliquid-stats-web/pull/12
hyperliquid-dex,hyperliquid-stats-web,trophies2015,https://avatars.githubusercontent.com/u/13603407?v=4,10,Shwe/colors,2023-08-02T19:43:36Z,2023-08-02,https://github.com/hyperliquid-dex/hyperliquid-stats-web/pull/10
hyperliquid-dex,hyperliquid-stats-web,trophies2015,https://avatars.githubusercontent.com/u/13603407?v=4,8,Fix isMobile bug,2023-08-01T18:37:46Z,2023-08-01,https://github.com/hyperliquid-dex/hyperliquid-stats-web/pull/8
hyperliquid-dex,hyperliquid-stats,lmlmt,https://avatars.githubusercontent.com/u/112962729?v=4,13,Decrease timeout for TTL cache,2023-08-01T15:24:41Z,2023-08-01,https://github.com/hyperliquid-dex/hyperliquid-stats/pull/13
hyperliquid-dex,hyperliquid-stats-web,tradermohamed,https://avatars.githubusercontent.com/u/110409704?v=4,7,Slippage and HLP graph,2023-08-01T14:42:54Z,2023-08-01,https://github.com/hyperliquid-dex/hyperliquid-stats-web/pull/7
hyperliquid-dex,hyperliquid-stats-web,trophies2015,https://avatars.githubusercontent.com/u/13603407?v=4,6,Fix syncing,2023-07-31T21:58:34Z,2023-07-31,https://github.com/hyperliquid-dex/hyperliquid-stats-web/pull/6
hyperliquid-dex,hyperliquid-stats-web,trophies2015,https://avatars.githubusercontent.com/u/13603407?v=4,5,Changing slippage graph,2023-07-31T21:30:49Z,2023-07-31,https://github.com/hyperliquid-dex/hyperliquid-stats-web/pull/5
hyperliquid-dex,hyperliquid-stats,lmlmt,https://avatars.githubusercontent.com/u/112962729?v=4,12,Add last oracle px,2023-07-31T20:00:13Z,2023-07-31,https://github.com/hyperliquid-dex/hyperliquid-stats/pull/12
hyperliquid-dex,hyperliquid-stats-web,trophies2015,https://avatars.githubusercontent.com/u/13603407?v=4,4,Updating hedged pnl,2023-07-31T19:58:32Z,2023-07-31,https://github.com/hyperliquid-dex/hyperliquid-stats-web/pull/4
hyperliquid-dex,hyperliquid-stats-web,tradermohamed,https://avatars.githubusercontent.com/u/110409704?v=4,3,Add more charts and some mobile compatibility fixes,2023-07-31T18:12:37Z,2023-07-31,https://github.com/hyperliquid-dex/hyperliquid-stats-web/pull/3
hyperliquid-dex,hyperliquid-stats,lmlmt,https://avatars.githubusercontent.com/u/112962729?v=4,11,Switch to last agg,2023-07-26T21:53:11Z,2023-07-26,https://github.com/hyperliquid-dex/hyperliquid-stats/pull/11
hyperliquid-dex,hyperliquid-stats,lmlmt,https://avatars.githubusercontent.com/u/112962729?v=4,10,Add first oracle px,2023-07-26T21:42:48Z,2023-07-26,https://github.com/hyperliquid-dex/hyperliquid-stats/pull/10
hyperliquid-dex,hyperliquid-stats,lmlmt,https://avatars.githubusercontent.com/u/112962729?v=4,9,Fix ntl vlm summing,2023-07-26T20:40:15Z,2023-07-26,https://github.com/hyperliquid-dex/hyperliquid-stats/pull/9
hyperliquid-dex,hyperliquid-stats,lmlmt,https://avatars.githubusercontent.com/u/112962729?v=4,8,Misc fixes,2023-07-26T20:10:52Z,2023-07-26,https://github.com/hyperliquid-dex/hyperliquid-stats/pull/8
hyperliquid-dex,hyperliquid-stats,lmlmt,https://avatars.githubusercontent.com/u/112962729?v=4,7,Simulate slippage with higher ntls,2023-07-26T18:01:16Z,2023-07-26,https://github.com/hyperliquid-dex/hyperliquid-stats/pull/7
hyperliquid-dex,hyperliquid-stats,lmlmt,https://avatars.githubusercontent.com/u/112962729?v=4,6,Add asset ctx endpoint,2023-07-25T21:20:44Z,2023-07-25,https://github.com/hyperliquid-dex/hyperliquid-stats/pull/6
hyperliquid-dex,hyperliquid-stats,lmlmt,https://avatars.githubusercontent.com/u/112962729?v=4,5,Clean up fees endpoint,2023-07-25T18:18:51Z,2023-07-25,https://github.com/hyperliquid-dex/hyperliquid-stats/pull/5
hyperliquid-dex,hyperliquid-stats,lmlmt,https://avatars.githubusercontent.com/u/112962729?v=4,4,Ensure uniqueness of keyed tables,2023-07-25T15:08:43Z,2023-07-25,https://github.com/hyperliquid-dex/hyperliquid-stats/pull/4
hyperliquid-dex,hyperliquid-stats,lmlmt,https://avatars.githubusercontent.com/u/112962729?v=4,3,Add hlp positions table,2023-07-24T19:02:10Z,2023-07-24,https://github.com/hyperliquid-dex/hyperliquid-stats/pull/3
hyperliquid-dex,hyperliquid-stats,lmlmt,https://avatars.githubusercontent.com/u/112962729?v=4,2,Add fees and total volume endpoints,2023-07-21T22:06:21Z,2023-07-21,https://github.com/hyperliquid-dex/hyperliquid-stats/pull/2
hyperliquid-dex,hyperliquid-stats-web,tradermohamed,https://avatars.githubusercontent.com/u/110409704?v=4,2,Add ability to select coin to display on funding rate graph,2023-07-21T14:45:59Z,2023-07-21,https://github.com/hyperliquid-dex/hyperliquid-stats-web/pull/2
hyperliquid-dex,hyperliquid-stats-web,lmlmt,https://avatars.githubusercontent.com/u/112962729?v=4,1,Change port,2023-07-19T15:00:37Z,2023-07-19,https://github.com/hyperliquid-dex/hyperliquid-stats-web/pull/1
hyperliquid-dex,hyperliquid-stats,lmlmt,https://avatars.githubusercontent.com/u/112962729?v=4,1,Fix,2023-07-19T14:58:01Z,2023-07-19,https://github.com/hyperliquid-dex/hyperliquid-stats/pull/1
hyperliquid-dex,hyperliquid-python-sdk,elevatordown,https://avatars.githubusercontent.com/u/138456736?v=4,4,Many orders and cancels,2023-07-14T16:32:24Z,2023-07-14,https://github.com/hyperliquid-dex/hyperliquid-python-sdk/pull/4
hyperliquid-dex,hyperliquid-python-sdk,terencebeauj,https://avatars.githubusercontent.com/u/69433462?v=4,3,Add more endpoints for Info API,2023-06-09T13:52:24Z,2023-06-09,https://github.com/hyperliquid-dex/hyperliquid-python-sdk/pull/3
hyperliquid-dex,hyperliquid-python-sdk,AlliedToasters,https://avatars.githubusercontent.com/u/27147422?v=4,1,add missing dep: requests,2023-04-13T03:22:24Z,2023-04-13,https://github.com/hyperliquid-dex/hyperliquid-python-sdk/pull/1
